{"defensive": {"rmse": 0.781098668582796, "mae": 0.64439266098362, "r2": 0.6436299072664801, "feature_importance": {"clean_sheets": 0.2228369563817978, "expected_goals_conceded_per_90": 0.018260346725583076, "goals_conceded": 0.09931562840938568, "goals_conceded_per_90": 0.20114895701408386, "minutes": 0.026299890130758286, "pos_DEF": 0.038797542452812195, "pos_FWD": 0.0, "pos_GK": 0.04190068691968918, "pos_MID": 0.0, "saves": 0.007935612462460995, "us_key_passes": 0.012665479443967342, "us_shots": 0.01844700053334236, "us_xGBuildup": 0.04199950024485588, "us_xGChain": 0.02157524600625038, "volatility_index": 0.0, "xA_per_90": 0.0772901177406311, "xG_per_90": 0.17152699828147888}}, "offensive": {"rmse": 1.1030505886772184, "mae": 0.6961493720035218, "r2": 0.41154200555119713, "feature_importance": {"assists": 0.06905719637870789, "creativity": 0.017313465476036072, "expected_assists_per_90": 0.026947688311338425, "expected_goal_involvements_per_90": 0.04792029410600662, "expected_goals_per_90": 0.017328711226582527, "goals_scored": 0.4962526261806488, "minutes": 0.0696079283952713, "pos_DEF": 0.0, "pos_FWD": 0.0502602718770504, "pos_GK": 0.0, "pos_MID": 0.00636575510725379, "threat": 0.049777500331401825, "us_key_passes": 0.019960492849349976, "us_shots": 0.013691883534193039, "us_xGBuildup": 0.012159878388047218, "us_xGChain": 0.017051300033926964, "volatility_index": 0.0, "xA_per_90": 0.03300211951136589, "xG_per_90": 0.053302813321352005}}}