{"defensive": {"rmse": 0.7353900346860698, "mae": 0.5983891502531556, "r2": 0.5333082074755015, "feature_importance": {"clean_sheets": 0.20480743050575256, "expected_goals_conceded_per_90": 0.013118384405970573, "goals_conceded": 0.09625688940286636, "goals_conceded_per_90": 0.2550426125526428, "minutes": 0.026505952700972557, "pos_DEF": 0.048776838928461075, "pos_FWD": 0.0, "pos_GK": 0.015497894957661629, "pos_MID": 0.0, "saves": 0.0077171786688268185, "us_key_passes": 0.01616719737648964, "us_shots": 0.02671891637146473, "us_xGBuildup": 0.043665722012519836, "us_xGChain": 0.015289759263396263, "volatility_index": 0.0, "xA_per_90": 0.07775431126356125, "xG_per_90": 0.15268102288246155}}, "offensive": {"rmse": 0.655622959793946, "mae": 0.5171849703836696, "r2": 0.6045598597612616, "feature_importance": {"assists": 0.08291853219270706, "creativity": 0.015768855810165405, "expected_assists_per_90": 0.020121587440371513, "expected_goal_involvements_per_90": 0.15370042622089386, "expected_goals_per_90": 0.009561777114868164, "goals_scored": 0.4126029312610626, "matchup_advantage": 0.028513289988040924, "minutes": 0.10566141456365585, "pos_DEF": 0.0, "pos_FWD": 0.030782245099544525, "pos_GK": 0.0, "pos_MID": 0.005611341446638107, "threat": 0.014557158574461937, "us_key_passes": 0.010780560784041882, "us_shots": 0.015787577256560326, "us_xGBuildup": 0.01477518305182457, "us_xGChain": 0.017903629690408707, "volatility_index": 0.0, "xA_per_90": 0.034905072301626205, "xG_per_90": 0.02604840137064457}}}