{"defensive": {"rmse": 0.7161948307319038, "mae": 0.6207094080183317, "r2": 0.5564110012053753, "feature_importance": {"clean_sheets": 0.20149940252304077, "expected_goals_conceded_per_90": 0.014788608066737652, "goals_conceded": 0.10707958042621613, "goals_conceded_per_90": 0.2533086836338043, "minutes": 0.025691429153084755, "pos_DEF": 0.05128183215856552, "pos_FWD": 0.0, "pos_GK": 0.031105848029255867, "pos_MID": 0.0, "saves": 0.008153283968567848, "us_key_passes": 0.012826811522245407, "us_shots": 0.039028462022542953, "us_xGBuildup": 0.054536767303943634, "us_xGChain": 0.014541220851242542, "volatility_index": 0.0, "xA_per_90": 0.07690069824457169, "xG_per_90": 0.10925736278295517}}, "offensive": {"rmse": 0.670007131986607, "mae": 0.5226613540906395, "r2": 0.5913274265283861, "feature_importance": {"assists": 0.07477182149887085, "creativity": 0.013097175396978855, "expected_assists_per_90": 0.013264698907732964, "expected_goal_involvements_per_90": 0.14669393002986908, "expected_goals_per_90": 0.012942018918693066, "goals_scored": 0.44426286220550537, "matchup_advantage": 0.0237752515822649, "minutes": 0.09464825689792633, "pos_DEF": 0.0, "pos_FWD": 0.03654694929718971, "pos_GK": 0.0, "pos_MID": 0.014153435826301575, "threat": 0.016773661598563194, "us_key_passes": 0.0075197056867182255, "us_shots": 0.00943505484610796, "us_xGBuildup": 0.01837741956114769, "us_xGChain": 0.018871869891881943, "volatility_index": 0.0, "xA_per_90": 0.032566387206315994, "xG_per_90": 0.022299565374851227}}}